

--
-- TOC entry 3413 (class 0 OID 16395)
-- Dependencies: 218
-- Data for Name: logs; Type: TABLE DATA; Schema: public; Owner: gendocsuser
--

-- INSERT INTO public.logs ("id", "created_at", "updated_at", "body", "headers", "url", "method", "user_agent", "ip")
INSERT INTO public.logs VALUES 
('acdba5a7-bb4b-403a-814a-700f9fff1df8', '2023-06-05', '2023-06-05', '{"email":"ddlm.montenegro@uta.edu.ec","password":"FISEI2023"}', '{"content-type":"application/json","user-agent":"PostmanRuntime/7.32.1","accept":"*/*","cache-control":"no-cache","postman-token":"7ae01854-dbdc-4d0e-8ad8-a58796853160","host":"localhost:3003","accept-encoding":"gzip, deflate, br","connection":"keep-alive","content-length":"77"}', '/auth/login', 'POST', 'PostmanRuntime/7.32.1', '::1'),
('8b0d19d3-b62a-4bb2-af77-c2bafd6e93b8', '2023-06-05', '2023-06-05', '{"email":"ddlm.montenegro@uta.edu.ec","password":"FISEI2023"}', '{"content-type":"application/json","user-agent":"PostmanRuntime/7.32.1","accept":"*/*","cache-control":"no-cache","postman-token":"e8a1ace1-b62f-45d0-862d-f88c98eb4046","host":"localhost:3003","accept-encoding":"gzip, deflate, br","connection":"keep-alive","content-length":"77"}', '/auth/login', 'POST', 'PostmanRuntime/7.32.1', '::1'),
('c44a4dee-3e0b-4f4a-b1ca-f911197f6e13', '2023-06-05', '2023-06-05', '{"email":"ddlm.montenegro@uta.edu.ec","password":"FISEI2023"}', '{"content-type":"application/json","user-agent":"PostmanRuntime/7.32.1","accept":"*/*","cache-control":"no-cache","postman-token":"729f82a2-f299-4cb8-8da7-c516434369d7","host":"localhost:3003","accept-encoding":"gzip, deflate, br","connection":"keep-alive","content-length":"77"}', '/auth/login', 'POST', 'PostmanRuntime/7.32.1', '::1'),
('106acbbb-5661-4e24-8270-90d093b83cce', '2023-06-05', '2023-06-05', '{"email":"ddlm.montenegro@uta.edu.ec","password":"FISEI2023"}', '{"content-type":"application/json","user-agent":"PostmanRuntime/7.32.1","accept":"*/*","cache-control":"no-cache","postman-token":"8473ab79-d5e2-482b-b17b-acad6d570e43","host":"localhost:3003","accept-encoding":"gzip, deflate, br","connection":"keep-alive","content-length":"77"}', '/auth/login', 'POST', 'PostmanRuntime/7.32.1', '::1'),
('9e81f164-a4db-4a59-92a7-a06d3a8886ba', '2023-06-05', '2023-06-05', '{"email":"ddlm.montenegro@uta.edu.ec","password":"FISEI2023"}', '{"content-type":"application/json","user-agent":"PostmanRuntime/7.32.1","accept":"*/*","cache-control":"no-cache","postman-token":"ba453c23-2d5f-43cb-8b61-2309e9b41e33","host":"localhost:3003","accept-encoding":"gzip, deflate, br","connection":"keep-alive","content-length":"77"}', '/auth/login', 'POST', 'PostmanRuntime/7.32.1', '::1'),
('bbf3c64a-1ab1-42fa-9dab-ee0d6305823a', '2023-06-05', '2023-06-05', '{"email":"ddlm.montenegro@uta.edu.ec","password":"FISEI2023"}', '{"content-type":"application/json","user-agent":"PostmanRuntime/7.32.1","accept":"*/*","cache-control":"no-cache","postman-token":"7ea87361-bfbb-4ba9-9771-18d8cf4b49bb","host":"localhost:3003","accept-encoding":"gzip, deflate, br","connection":"keep-alive","content-length":"77"}', '/auth/login', 'POST', 'PostmanRuntime/7.32.1', '::1'),
('fd6c6ae7-1e5e-41ee-88af-93aa073e1a3a', '2023-06-05', '2023-06-05', '{"email":"ddlm.montenegro@uta.edu.ec","password":"FISEI2023"}', '{"content-type":"application/json","user-agent":"PostmanRuntime/7.32.1","accept":"*/*","cache-control":"no-cache","postman-token":"41f77069-ddf6-40c7-ac12-fde15b3c8007","host":"localhost:3003","accept-encoding":"gzip, deflate, br","connection":"keep-alive","content-length":"77"}', '/auth/login', 'POST', 'PostmanRuntime/7.32.1', '::1'),
('039c9eec-64ec-49ea-a506-1f076c75204b', '2023-06-05', '2023-06-05', '{"email":"ddlm.montenegro@uta.edu.ec","password":"FISEI2023"}', '{"content-type":"application/json","user-agent":"PostmanRuntime/7.32.1","accept":"*/*","cache-control":"no-cache","postman-token":"454fe55d-e6e6-436d-9433-a7d5736ff07a","host":"localhost:3003","accept-encoding":"gzip, deflate, br","connection":"keep-alive","content-length":"77"}', '/auth/login', 'POST', 'PostmanRuntime/7.32.1', '::1'),
('dc155d59-a540-4191-8f52-70d3a9627cd5', '2023-06-05', '2023-06-05', '{"email":"ddlm.montenegro@uta.edu.ec","password":"FISEI2023"}', '{"content-type":"application/json","user-agent":"PostmanRuntime/7.32.1","accept":"*/*","cache-control":"no-cache","postman-token":"37c73292-cdfb-4071-8498-7e30ac25e831","host":"localhost:3003","accept-encoding":"gzip, deflate, br","connection":"keep-alive","content-length":"77"}', '/auth/login', 'POST', 'PostmanRuntime/7.32.1', '::1'),
('c9bab7b1-1f08-45df-9394-9260413a853b', '2023-06-05', '2023-06-05', '{"email":"ddlm.montenegro@uta.edu.ec","password":"FISEI2023"}', '{"host":"localhost:3003","connection":"keep-alive","content-length":"61","sec-ch-ua":"\"Not_A Brand\";v=\"8\", \"Chromium\";v=\"120\", \"Brave\";v=\"120\"","accept":"application/json, text/plain, */*","content-type":"application/json","sec-ch-ua-mobile":"?0","authorization":"Bearer [object Promise]","user-agent":"Mozilla/5.0 (Windows NT 10.0; Win64; x64) AppleWebKit/537.36 (KHTML, like Gecko) Chrome/120.0.0.0 Safari/537.36","sec-ch-ua-platform":"\"Windows\"","sec-gpc":"1","origin":"http://localhost:3000","sec-fetch-site":"same-site","sec-fetch-mode":"cors","sec-fetch-dest":"empty","referer":"http://localhost:3000/","accept-encoding":"gzip, deflate, br","accept-language":"es-419,es;q=0.9,en-US;q=0.8,en;q=0.7"}', '/auth/login', 'POST', 'Mozilla/5.0 (Windows NT 10.0; Win64; x64) AppleWebKit/537.36 (KHTML, like Gecko) Chrome/120.0.0.0 Safari/537.36', '::1'),
('d367377e-c5d2-4b53-9159-3176a1423eab', '2023-06-05', '2023-06-05', '{"email":"ddlm.montenegro@uta.edu.ec","password":"FISEI2023"}', '{"content-type":"application/json","user-agent":"PostmanRuntime/7.36.0","accept":"*/*","postman-token":"a6e21917-1f7c-457f-8dbc-cd412b50fd0a","host":"localhost:3003","accept-encoding":"gzip, deflate, br","connection":"keep-alive","content-length":"77"}', '/auth/login', 'POST', 'PostmanRuntime/7.36.0', '::1'),
('3377ffe9-8f39-4e85-a3ed-1df188b5e94f', '2023-06-05', '2023-06-05', '{"email":"ddlm.montenegro@uta.edu.ec","password":"FISEI2023"}', '{"host":"localhost:3003","connection":"keep-alive","content-length":"61","sec-ch-ua":"\"Not_A Brand\";v=\"8\", \"Chromium\";v=\"120\", \"Brave\";v=\"120\"","accept":"application/json, text/plain, */*","content-type":"application/json","sec-ch-ua-mobile":"?0","authorization":"Bearer undefined","user-agent":"Mozilla/5.0 (Windows NT 10.0; Win64; x64) AppleWebKit/537.36 (KHTML, like Gecko) Chrome/120.0.0.0 Safari/537.36","sec-ch-ua-platform":"\"Windows\"","sec-gpc":"1","origin":"http://localhost:3000","sec-fetch-site":"same-site","sec-fetch-mode":"cors","sec-fetch-dest":"empty","referer":"http://localhost:3000/","accept-encoding":"gzip, deflate, br","accept-language":"es-419,es;q=0.9,en-US;q=0.8,en;q=0.7"}', '/auth/login', 'POST', 'Mozilla/5.0 (Windows NT 10.0; Win64; x64) AppleWebKit/537.36 (KHTML, like Gecko) Chrome/120.0.0.0 Safari/537.36', '::1'),
('ccc97ca5-d9b4-454b-96c9-cc7aa4060bb3', '2023-06-05', '2023-06-05', '{"email":"ddlm.montenegro@uta.edu.ec","password":"FISEI2023"}', '{"host":"localhost:3003","connection":"keep-alive","content-length":"61","sec-ch-ua":"\"Not_A Brand\";v=\"8\", \"Chromium\";v=\"120\", \"Brave\";v=\"120\"","accept":"application/json, text/plain, */*","content-type":"application/json","sec-ch-ua-mobile":"?0","authorization":"Bearer undefined","user-agent":"Mozilla/5.0 (Windows NT 10.0; Win64; x64) AppleWebKit/537.36 (KHTML, like Gecko) Chrome/120.0.0.0 Safari/537.36","sec-ch-ua-platform":"\"Windows\"","sec-gpc":"1","origin":"http://localhost:3000","sec-fetch-site":"same-site","sec-fetch-mode":"cors","sec-fetch-dest":"empty","referer":"http://localhost:3000/","accept-encoding":"gzip, deflate, br","accept-language":"es-419,es;q=0.9,en-US;q=0.8,en;q=0.7"}', '/auth/login', 'POST', 'Mozilla/5.0 (Windows NT 10.0; Win64; x64) AppleWebKit/537.36 (KHTML, like Gecko) Chrome/120.0.0.0 Safari/537.36', '::1');


--
-- TOC entry 3411 (class 0 OID 16386)
-- Dependencies: 216
-- Data for Name: migrations; Type: TABLE DATA; Schema: public; Owner: gendocsuser
--



--
-- TOC entry 3417 (class 0 OID 24592)
-- Dependencies: 222
-- Data for Name: modules; Type: TABLE DATA; Schema: public; Owner: gendocsuser
--

-- INSERT INTO public.modules ("id", "created_at", "updated_at", "code", "name") 
INSERT INTO public.modules VALUES 
('d0d22dc7-5673-4ca2-9c77-41fb34b7c216', '2023-06-05', '2023-06-05', 'FACU', 'CONSEJO DIRECTIVO'),
('8f46bc07-18d6-4b5a-99c7-4d1341c8f6fa', '2023-06-05', '2023-06-05', 'SUDE', 'CONSEJO ACADÉMICO'),
('57964759-624c-4775-a831-0a522d423938', '2023-06-05', '2023-06-05', 'COMM', 'COMUNES'),
('741be182-d7f8-4ca8-bdbe-6f48350af375', '2023-06-05', '2023-06-05', 'SIST', 'SISTEMAS (UNI-TITU)'),
('8debf058-1e33-406a-872b-769f4cbd9ba2', '2023-06-05', '2023-06-05', 'INPA', 'INDUSTRIAL EN PROCESOS (UNI-TITU)'),
('cba1898b-88ba-47e4-b708-8514df6cccaf', '2023-06-05', '2023-06-05', 'ELEC', 'ELECTRÓNICA Y COMUNICACIONES (UNI-TITU)'),
('a0f7bf59-78fa-4cf3-880c-e648649552b7', '2023-06-05', '2023-06-05', 'SOFT', 'SOFTWARE (UNI-IC)'),
('4a9e238a-67f5-432e-a05a-d56cddb6b165', '2023-06-05', '2023-06-05', 'TECI', 'TECNOLOGÍA DE INFORMACIÓN (UNI-IC)'),
('93fee8d0-8113-4c46-829f-b150994a4afa', '2023-06-05', '2023-06-05', 'TELE', 'TELECOMUNICACIONES (UNI-IC)'),
('2cedd916-fe7c-4136-afc7-75b4458cd08c', '2023-06-05', '2023-06-05', 'INDS', 'INDUSTRIAL (UNI-IC)'),
('88072536-2515-4c5f-a470-b25c7b0a82ec', '2023-06-05', '2023-06-05', 'ESTU', 'ESTUDIANTES'),
('e7ffbabf-8da4-4d15-bef2-11b2c371cda5', '2023-06-05', '2023-06-05', 'ADMIN', 'ADMINISTRADOR');


--
-- TOC entry 3419 (class 0 OID 40963)
-- Dependencies: 224
-- Data for Name: submodules; Type: TABLE DATA; Schema: public; Owner: gendocsuser
--

-- INSERT INTO public.submodules ("id", "created_at", "updated_at", "name")
INSERT INTO public.submodules VALUES 
('293d5029-126f-42fa-8638-c1ef8dc3ffc6', '2023-06-05', '2023-06-05', 'Buscar'),
('5f73ca12-d591-4cfd-a84a-8890f46aa85b', '2023-06-05', '2023-06-05', 'Consejos'),
('a55e16c6-9083-47dc-b2f6-1989040d9933', '2023-06-05', '2023-06-05', 'Procesos'),
('5526afb6-51d7-4628-8157-59cc5e7efea9', '2023-06-05', '2023-06-05', 'Documentos'),
('3ed25ed0-6710-4c8f-8f90-9ddf1a8b585c', '2023-06-05', '2023-06-05', 'Estudiantes'),
('127f3b5a-0197-4803-a68f-eaf3f41c58a4', '2023-06-05', '2023-06-05', 'Funcionarios'),
('66b9258b-4322-46f4-9106-a2ffa3dbb697', '2023-06-05', '2023-06-05', 'Carreras'),
('4beac99f-388a-4c33-8092-f072a2cb5545', '2023-06-05', '2023-06-05', 'Usuarios'),
('bb766e3c-e901-40cf-b73d-83aea911e5ea', '2023-06-05', '2023-06-05', 'Actas de grado'),
('663c3583-1f8d-4f08-b861-e8cbe7a504af', '2023-06-05', '2023-06-05', 'Historial'),
('61b53f86-7024-4634-a08a-c91764bff1eb', '2023-06-05', '2023-06-05', 'Cargos');


--  
-- TOC entry 3420 (class 0 OID 40989)
-- Dependencies: 225
-- Data for Name: submodules_modules; Type: TABLE DATA; Schema: public; Owner: gendocsuser
--


INSERT INTO public.submodules_modules ("submodule_id", "module_id") VALUES 
('293d5029-126f-42fa-8638-c1ef8dc3ffc6', 'd0d22dc7-5673-4ca2-9c77-41fb34b7c216'),
('5f73ca12-d591-4cfd-a84a-8890f46aa85b', 'd0d22dc7-5673-4ca2-9c77-41fb34b7c216'),
('a55e16c6-9083-47dc-b2f6-1989040d9933', 'd0d22dc7-5673-4ca2-9c77-41fb34b7c216'),
('5526afb6-51d7-4628-8157-59cc5e7efea9', 'd0d22dc7-5673-4ca2-9c77-41fb34b7c216'),
('293d5029-126f-42fa-8638-c1ef8dc3ffc6', '8f46bc07-18d6-4b5a-99c7-4d1341c8f6fa'),
('5f73ca12-d591-4cfd-a84a-8890f46aa85b', '8f46bc07-18d6-4b5a-99c7-4d1341c8f6fa'),
('a55e16c6-9083-47dc-b2f6-1989040d9933', '8f46bc07-18d6-4b5a-99c7-4d1341c8f6fa'),
('5526afb6-51d7-4628-8157-59cc5e7efea9', '8f46bc07-18d6-4b5a-99c7-4d1341c8f6fa'),
('293d5029-126f-42fa-8638-c1ef8dc3ffc6', '741be182-d7f8-4ca8-bdbe-6f48350af375'),
('5f73ca12-d591-4cfd-a84a-8890f46aa85b', '741be182-d7f8-4ca8-bdbe-6f48350af375'),
('a55e16c6-9083-47dc-b2f6-1989040d9933', '741be182-d7f8-4ca8-bdbe-6f48350af375'),
('5526afb6-51d7-4628-8157-59cc5e7efea9', '741be182-d7f8-4ca8-bdbe-6f48350af375'),
('293d5029-126f-42fa-8638-c1ef8dc3ffc6', '8debf058-1e33-406a-872b-769f4cbd9ba2'),
('5f73ca12-d591-4cfd-a84a-8890f46aa85b', '8debf058-1e33-406a-872b-769f4cbd9ba2'),
('a55e16c6-9083-47dc-b2f6-1989040d9933', '8debf058-1e33-406a-872b-769f4cbd9ba2'),
('5526afb6-51d7-4628-8157-59cc5e7efea9', '8debf058-1e33-406a-872b-769f4cbd9ba2'),
('293d5029-126f-42fa-8638-c1ef8dc3ffc6', 'cba1898b-88ba-47e4-b708-8514df6cccaf'),
('5f73ca12-d591-4cfd-a84a-8890f46aa85b', 'cba1898b-88ba-47e4-b708-8514df6cccaf'),
('a55e16c6-9083-47dc-b2f6-1989040d9933', 'cba1898b-88ba-47e4-b708-8514df6cccaf'),
('5526afb6-51d7-4628-8157-59cc5e7efea9', 'cba1898b-88ba-47e4-b708-8514df6cccaf'),
('293d5029-126f-42fa-8638-c1ef8dc3ffc6', 'a0f7bf59-78fa-4cf3-880c-e648649552b7'),
('5f73ca12-d591-4cfd-a84a-8890f46aa85b', 'a0f7bf59-78fa-4cf3-880c-e648649552b7'),
('a55e16c6-9083-47dc-b2f6-1989040d9933', 'a0f7bf59-78fa-4cf3-880c-e648649552b7'),
('5526afb6-51d7-4628-8157-59cc5e7efea9', 'a0f7bf59-78fa-4cf3-880c-e648649552b7'),
('293d5029-126f-42fa-8638-c1ef8dc3ffc6', '4a9e238a-67f5-432e-a05a-d56cddb6b165'),
('5f73ca12-d591-4cfd-a84a-8890f46aa85b', '4a9e238a-67f5-432e-a05a-d56cddb6b165'),
('a55e16c6-9083-47dc-b2f6-1989040d9933', '4a9e238a-67f5-432e-a05a-d56cddb6b165'),
('5526afb6-51d7-4628-8157-59cc5e7efea9', '4a9e238a-67f5-432e-a05a-d56cddb6b165'),
('293d5029-126f-42fa-8638-c1ef8dc3ffc6', '93fee8d0-8113-4c46-829f-b150994a4afa'),
('5f73ca12-d591-4cfd-a84a-8890f46aa85b', '93fee8d0-8113-4c46-829f-b150994a4afa'),
('a55e16c6-9083-47dc-b2f6-1989040d9933', '93fee8d0-8113-4c46-829f-b150994a4afa'),
('5526afb6-51d7-4628-8157-59cc5e7efea9', '93fee8d0-8113-4c46-829f-b150994a4afa'),
('293d5029-126f-42fa-8638-c1ef8dc3ffc6', '2cedd916-fe7c-4136-afc7-75b4458cd08c'),
('5f73ca12-d591-4cfd-a84a-8890f46aa85b', '2cedd916-fe7c-4136-afc7-75b4458cd08c'),
('a55e16c6-9083-47dc-b2f6-1989040d9933', '2cedd916-fe7c-4136-afc7-75b4458cd08c'),
('5526afb6-51d7-4628-8157-59cc5e7efea9', '2cedd916-fe7c-4136-afc7-75b4458cd08c'),
('3ed25ed0-6710-4c8f-8f90-9ddf1a8b585c', 'e7ffbabf-8da4-4d15-bef2-11b2c371cda5'),
('127f3b5a-0197-4803-a68f-eaf3f41c58a4', 'e7ffbabf-8da4-4d15-bef2-11b2c371cda5'),
('66b9258b-4322-46f4-9106-a2ffa3dbb697', 'e7ffbabf-8da4-4d15-bef2-11b2c371cda5'),
('4beac99f-388a-4c33-8092-f072a2cb5545', 'e7ffbabf-8da4-4d15-bef2-11b2c371cda5'),
('61b53f86-7024-4634-a08a-c91764bff1eb', 'e7ffbabf-8da4-4d15-bef2-11b2c371cda5'),
('bb766e3c-e901-40cf-b73d-83aea911e5ea', '57964759-624c-4775-a831-0a522d423938');


--
-- TOC entry 3415 (class 0 OID 24578)
-- Dependencies: 220
-- Data for Name: users; Type: TABLE DATA; Schema: public; Owner: gendocsuser
--

-- INSERT INTO public.users ("id", "created_at", "updated_at", "first_name", "second_name", "first_last_name", "second_last_name", "outlook_email", "google_email", "phone_number", "password", "roles", "platform_permission", "is_active")

INSERT INTO public.users ("id", "created_at", "updated_at", "first_name", "second_name", "first_last_name", "second_last_name", "outlook_email", "google_email", "phone_number", "password", "roles", "platform_permission", "is_active")
VALUES ('cba423d7-79a5-47b1-bb56-355c9c3d7c2d', '2023-06-05', '2023-06-05', 'Daniela', 'Daniela', 'Montenegro', 'Suarez', 'ddlm.montenegro@uta.edu.ec', 'gendocsv2@gmail.com', '0987216712', '$2a$12$NMywRUK4Ontc9.4Y1YYyyeTU2aUfHdv42wH6c3dls8cveUdpGo1n2', 'ADMIN', NULL, true);


--
-- TOC entry 3421 (class 0 OID 40994)
-- Dependencies: 226
-- Data for Name: users_access_modules; Type: TABLE DATA; Schema: public; Owner: gendocsuser
--

INSERT INTO public.users_access_modules ("user_id", "module_id") VALUES 
('cba423d7-79a5-47b1-bb56-355c9c3d7c2d', 'd0d22dc7-5673-4ca2-9c77-41fb34b7c216'),
('cba423d7-79a5-47b1-bb56-355c9c3d7c2d', '8f46bc07-18d6-4b5a-99c7-4d1341c8f6fa'),
('cba423d7-79a5-47b1-bb56-355c9c3d7c2d', '57964759-624c-4775-a831-0a522d423938'),
('cba423d7-79a5-47b1-bb56-355c9c3d7c2d', '741be182-d7f8-4ca8-bdbe-6f48350af375'),
('cba423d7-79a5-47b1-bb56-355c9c3d7c2d', '8debf058-1e33-406a-872b-769f4cbd9ba2'),
('cba423d7-79a5-47b1-bb56-355c9c3d7c2d', 'cba1898b-88ba-47e4-b708-8514df6cccaf'),
('cba423d7-79a5-47b1-bb56-355c9c3d7c2d', 'a0f7bf59-78fa-4cf3-880c-e648649552b7'),
('cba423d7-79a5-47b1-bb56-355c9c3d7c2d', '4a9e238a-67f5-432e-a05a-d56cddb6b165'),
('cba423d7-79a5-47b1-bb56-355c9c3d7c2d', '93fee8d0-8113-4c46-829f-b150994a4afa'),
('cba423d7-79a5-47b1-bb56-355c9c3d7c2d', '2cedd916-fe7c-4136-afc7-75b4458cd08c'),
('cba423d7-79a5-47b1-bb56-355c9c3d7c2d', '88072536-2515-4c5f-a470-b25c7b0a82ec'),
('cba423d7-79a5-47b1-bb56-355c9c3d7c2d', 'e7ffbabf-8da4-4d15-bef2-11b2c371cda5');

